{"train accuracy": 76.10214530824126, "train loss": 0.9996450682789826, "val accuracy": 64.21942873930732, "val loss": 1.560936838466056, "_timestamp": 1678962565.3764846, "_runtime": 11987.78800368309, "_step": 3}