{"accuracy": 99.88, "loss": 0.0048574757041502745, "_timestamp": 1678837020.2302797, "_runtime": 466.84789061546326, "_step": 49, "_wandb": {"runtime": 473}}