{"accuracy": 99.864, "loss": 0.0053944233380258085, "_timestamp": 1678835583.0113158, "_runtime": 460.6993217468262, "_step": 49, "_wandb": {"runtime": 467}}