{"accuracy": 10.0, "loss": 2.3025893257141115, "_timestamp": 1678839885.1803424, "_runtime": 493.05632042884827, "_step": 49, "_wandb": {"runtime": 499}}