{"throughput": 13.202423121412757, "_timestamp": 1678848958.9352694, "_runtime": 67.86772727966309, "_step": 4, "_wandb": {"runtime": 74}}