{"throughput": 294.91961532164044, "_timestamp": 1678849393.7379267, "_runtime": 59.47971272468567, "_step": 4, "_wandb": {"runtime": 68}}