{"accuracy": 99.77000002685547, "loss": 0.009249539088606835, "_timestamp": 1678846326.4134037, "_runtime": 523.3126096725464, "_step": 49, "_wandb": {"runtime": 531}}