{"accuracy": 99.888, "loss": 0.004392852983269841, "_timestamp": 1678845358.5880532, "_runtime": 659.629331111908, "_step": 49, "_wandb": {"runtime": 667}}