{"accuracy": 37.186, "loss": 1.7227244495391845, "_timestamp": 1678837856.7080767, "_runtime": 231.60699677467346, "_step": 49, "_wandb": {"runtime": 234}}