{"throughput": 139.7013236467807, "_timestamp": 1678849302.0257423, "_runtime": 58.566049337387085, "_step": 4, "_wandb": {"runtime": 66}}