{"throughput": 4.374541465118447, "_timestamp": 1678849091.3477232, "_runtime": 93.31668829917908, "_step": 4, "_wandb": {"runtime": 100}}