{"accuracy": 64.804, "loss": 1.011239624557495, "_timestamp": 1678844540.6077693, "_runtime": 57.646857261657715, "_step": 3, "_wandb": {"runtime": 63}}