{"accuracy": 10.188, "loss": 2.3025877189636232, "_timestamp": 1678840547.8970091, "_runtime": 524.9753172397614, "_step": 49, "_wandb": {"runtime": 532}}