{"throughput": 724.5690840972155, "_timestamp": 1678849639.097531, "_runtime": 90.00981116294861, "_step": 4, "_wandb": {"runtime": 104}}