{"accuracy": 99.776, "loss": 0.009129232298582791, "_timestamp": 1678848015.596167, "_runtime": 547.4204139709473, "_step": 49, "_wandb": {"runtime": 555}}