{"accuracy": 99.456, "loss": 0.021755893770828844, "_timestamp": 1678839105.3773906, "_runtime": 472.59162068367004, "_step": 49, "_wandb": {"runtime": 478}}