{"throughput": 35.17144927226237, "_timestamp": 1678848813.6107118, "_runtime": 56.71032190322876, "_step": 4, "_wandb": {"runtime": 64}}