{"throughput": 71.26633485781952, "_timestamp": 1678849178.5312064, "_runtime": 56.60149025917053, "_step": 4, "_wandb": {"runtime": 64}}