{"throughput": 510.01533721013254, "_timestamp": 1678849508.0591826, "_runtime": 68.82974171638489, "_step": 4, "_wandb": {"runtime": 78}}