{"train accuracy": 73.2054257244469, "train loss": 1.1276203169754508, "val accuracy": 63.810187538397194, "val loss": 1.5631952366484185, "_timestamp": 1678907775.9143195, "_runtime": 8626.895153522491, "_step": 2, "_wandb": {"runtime": 10075}}