{"accuracy": 99.852, "loss": 0.005833493198081851, "_timestamp": 1678834536.0324316, "_runtime": 479.92594051361084, "_step": 49, "_wandb": {"runtime": 486}}