{"train accuracy": 97.32833702427048, "train loss": 0.10675283200997167, "val accuracy": 72.37019298787996, "val loss": 1.3645449283702806, "_timestamp": 1678949923.3203104, "_runtime": 30369.440907239914, "_step": 19, "_wandb": {"runtime": 30413}}