{"throughput": 975.7371668926223, "_timestamp": 1678849864.0780196, "_runtime": 120.9904396533966, "_step": 4, "_wandb": {"runtime": 135}}